CODELABID,CODELABSLUG,CODELABTITLE,CODELABTYPE,COURSEDESCRIPTION,COURSEID,COURSENAME,CREATEDAT,TOTALTASKS,UPDATEDAT,_METADATA__CREATETIME,_METADATA__KEY,_METADATA__KEY_SCHEMA_ID,_METADATA__OFFSET,_METADATA__PARTITION,_METADATA__SCHEMA_ID,_METADATA__TOPIC,_REPLICATION_DATE
4a9bda7e-c7fa-45e6-9c38-5d858becc73c,,Copy of SPA Dotnet React Sandbox,lesson,,f63fa756-c606-43ac-aa5c-3d9acc41487d,Building an End-to-end SPA using ASP.NET Core 6 Web API and React,1656535143079,0,1656695040038,1657078268782,"{
  ""codeLabId"": ""4a9bda7e-c7fa-45e6-9c38-5d858becc73c""
}",2708,52914,9,2711,skills.labs.v1.CodeLab,2022-07-06T04:00:07.915Z
133ddf17-a77d-4118-b79e-e8bb6ed1d674,,SPA Dotnet React Sandbox,lesson,,f63fa756-c606-43ac-aa5c-3d9acc41487d,Building an End-to-end SPA using ASP.NET Core 6 Web API and React,1656431977353,0,1657038316731,1657078265992,"{
  ""codeLabId"": ""133ddf17-a77d-4118-b79e-e8bb6ed1d674""
}",2708,46800,5,2711,skills.labs.v1.CodeLab,2022-07-06T04:00:07.915Z
a6a45d37-ced2-42d6-8591-9b73966c83cc,,Copy of Sandbox - What is React,challenge,,e4992e51-2be9-4625-863c-9a341de658b8,What is React,1661551194512,0,1661553560115,1661571093057,"{
  ""codeLabId"": ""a6a45d37-ced2-42d6-8591-9b73966c83cc""
}",2708,59491,7,2711,skills.labs.v1.CodeLab,2023-02-27T20:15:07.937Z
2b2d9adb-9ed2-4852-8ec0-02de06daecc4,,Copy of ASP.NET Core 6 Web API and React Sandbox,lesson,,f63fa756-c606-43ac-aa5c-3d9acc41487d,Building an End-to-end SPA using ASP.NET Core 6 Web API and React,1657748207856,0,1657748213613,1658287922945,"{
  ""codeLabId"": ""2b2d9adb-9ed2-4852-8ec0-02de06daecc4""
}",2708,48812,1,2711,skills.labs.v1.CodeLab,2023-02-27T20:15:07.937Z
03db29f9-f0d8-4e69-8358-dcb06c08ca02,,Reactive Streams Using Spring WebFlux 5 ,lesson,,9f1d7047-bb7d-421a-809a-275a27c2e170,Reactive Streams using Spring WebFlux 5,1650486190630,0,1655134142934,1656991867944,"{
  ""codeLabId"": ""03db29f9-f0d8-4e69-8358-dcb06c08ca02""
}",2708,53303,2,2711,skills.labs.v1.CodeLab,2023-02-27T20:15:07.937Z
158adb4b-eee9-4ad8-be72-38f459300ede,,Copy of ASP.NET Core 6 Web API and React Sandbox,lesson,,6ad6f2f4-78e2-458a-aa0d-81fbdfc33f68,Securing REST Services Using Spring Security 5,1669766235728,0,1669812599289,1685590308311,"{
  ""codeLabId"": ""158adb4b-eee9-4ad8-be72-38f459300ede""
}",2708,140167,3,2711,skills.labs.v1.CodeLab,2023-06-01T04:10:01.846Z
d6df6e18-d403-41d1-aa72-f23ef722c7e4,,Sandbox: React 18 with NextJS Playbook,lesson,,f27bf191-e27b-4dbb-954c-4c5e682fe5b8,React 18 with NextJS Playbook,1668634354091,0,1669065532485,1685590289433,"{
  ""codeLabId"": ""d6df6e18-d403-41d1-aa72-f23ef722c7e4""
}",2708,144113,6,2711,skills.labs.v1.CodeLab,2023-06-01T04:10:01.846Z
44775412-3869-490d-b07d-a164b06e0799,,Sandbox: React 18 with NextJS Playbook,lesson,,f27bf191-e27b-4dbb-954c-4c5e682fe5b8,React 18 with NextJS Playbook,1668804832625,0,1668805268666,1685590283725,"{
  ""codeLabId"": ""44775412-3869-490d-b07d-a164b06e0799""
}",2708,145152,1,2711,skills.labs.v1.CodeLab,2023-06-01T04:10:01.846Z
8884ce86-6978-443c-b6d5-faef67e218c8,,Copy of Sandbox - Using Hooks in React 18,challenge,,796eb61e-64b4-4ec4-ae78-5e8cae7039c2,Using Hooks in React 18,1668477571802,0,1668478669065,1685590255966,"{
  ""codeLabId"": ""8884ce86-6978-443c-b6d5-faef67e218c8""
}",2708,143960,6,2711,skills.labs.v1.CodeLab,2023-06-01T04:10:01.846Z
8bcc9557-9392-4b6f-9073-50292a412239,,Complex React Example - Create a Functional Component,challenge,,f27bf191-e27b-4dbb-954c-4c5e682fe5b8,React 18 with NextJS Playbook,1667940129647,3,1668654048942,1685590293279,"{
  ""codeLabId"": ""8bcc9557-9392-4b6f-9073-50292a412239""
}",2708,145184,1,2711,skills.labs.v1.CodeLab,2023-06-01T04:10:01.846Z
4405cbb4-5140-49f8-9886-2898f84148cd,,React Custom Test Examples - Build a Quiz Component with React,challenge,,f27bf191-e27b-4dbb-954c-4c5e682fe5b8,React 18 with NextJS Playbook,1668020660432,52,1668021850849,1685590293306,"{
  ""codeLabId"": ""4405cbb4-5140-49f8-9886-2898f84148cd""
}",2708,161022,2,2711,skills.labs.v1.CodeLab,2023-06-01T04:10:01.846Z
38bd307e-2cbc-4261-8b3e-1eb7a205c293,,Sandbox - Using Hooks in React 18,challenge,,796eb61e-64b4-4ec4-ae78-5e8cae7039c2,Using Hooks in React 18,1668475392538,0,1668535177446,1685590255648,"{
  ""codeLabId"": ""38bd307e-2cbc-4261-8b3e-1eb7a205c293""
}",2708,169620,9,2711,skills.labs.v1.CodeLab,2023-06-01T04:10:01.846Z
6b8bd3de-f650-4718-9692-24558b2f56e5,,Checkpoint 05 - Reactive Streams Using Spring WebFlux 5,lesson,,9f1d7047-bb7d-421a-809a-275a27c2e170,Reactive Streams using Spring WebFlux 5,1652901214236,0,1652988132251,1653017487219,"{
  ""codeLabId"": ""6b8bd3de-f650-4718-9692-24558b2f56e5""
}",2708,36539,5,2711,skills.labs.v1.CodeLab,2022-06-07T11:04:32.797Z
8dda178c-f2c8-4e91-9e7c-41586c3d41eb,,Test React Thing,lesson,,1be0d6ed-52e1-4819-a472-283eab7a08f9,AJ's React Funhouse,1628224695708,0,1631594372699,1633231830191,"{
  ""codeLabId"": ""8dda178c-f2c8-4e91-9e7c-41586c3d41eb""
}",2708,6473,4,2711,skills.labs.v1.CodeLab,2022-06-07T11:04:32.797Z
4ea58ff8-c78b-4288-8be2-cfc67a65bf7c,,Checkpoint 04 - Reactive Streams Using Spring WebFlux 5,lesson,,9f1d7047-bb7d-421a-809a-275a27c2e170,Reactive Streams using Spring WebFlux 5,1652893881820,0,1654104537789,1654140695978,"{
  ""codeLabId"": ""4ea58ff8-c78b-4288-8be2-cfc67a65bf7c""
}",2708,38388,7,2711,skills.labs.v1.CodeLab,2023-02-27T20:15:07.937Z
20558409-8400-4e8e-91d2-1c8bdb47f0a9,,Checkpoint 01 - Creating a React Application With Tests,lesson,,17fc4976-9465-4b4d-a533-edbb0f46ce5c,Testing in React 18,1666820121658,1,1667337938240,1685590285693,"{
  ""codeLabId"": ""20558409-8400-4e8e-91d2-1c8bdb47f0a9""
}",2708,140053,3,2711,skills.labs.v1.CodeLab,2023-06-01T04:10:01.846Z
9bd76a32-1861-4e4f-82f1-bece65e18314,,React 18 Fundamentals Sandbox,lesson,,ce67ecdf-180b-42c1-9146-d631856a5b86,React 18 Fundamentals,1664785015738,0,1664891165949,1685590280741,"{
  ""codeLabId"": ""9bd76a32-1861-4e4f-82f1-bece65e18314""
}",2708,160974,2,2711,skills.labs.v1.CodeLab,2023-06-01T04:10:01.846Z
17fb2e26-3481-414c-87ea-8422c41ad9ca,,TB - React 18 Fundamentals Sandbox,lesson,,ce67ecdf-180b-42c1-9146-d631856a5b86,React 18 Fundamentals,1664813138957,0,1664828345046,1685590285080,"{
  ""codeLabId"": ""17fb2e26-3481-414c-87ea-8422c41ad9ca""
}",2708,146017,4,2711,skills.labs.v1.CodeLab,2023-06-01T04:10:01.846Z
57de7726-54b3-4704-bc5b-9f3e3daf96c8,,Sandbox - What Is React?,challenge,,e4992e51-2be9-4625-863c-9a341de658b8,What is React,1661443459703,0,1677887035892,1685590305868,"{
  ""codeLabId"": ""57de7726-54b3-4704-bc5b-9f3e3daf96c8""
}",2708,144171,6,2711,skills.labs.v1.CodeLab,2023-06-01T04:10:01.846Z
ad92bb58-d55c-429c-973b-6bba18ec51c1,,React - Exercise,lesson,,6728e889-31c7-4e8d-867e-d810244f6fe9,Platinum Language Examples,1644527294560,0,1664484649699,1685590275424,"{
  ""codeLabId"": ""ad92bb58-d55c-429c-973b-6bba18ec51c1""
}",2708,160956,2,2711,skills.labs.v1.CodeLab,2023-06-01T04:10:01.846Z
5c2cd6d7-287b-41d2-83a0-79ac9b26d5a3,,React - Checkpoint,lesson,,6728e889-31c7-4e8d-867e-d810244f6fe9,Platinum Language Examples,1644526913673,0,1664808318225,1685590275089,"{
  ""codeLabId"": ""5c2cd6d7-287b-41d2-83a0-79ac9b26d5a3""
}",2708,140016,3,2711,skills.labs.v1.CodeLab,2023-06-01T04:10:01.846Z
2628b804-ac66-4e40-9a73-23da5c43af61,,ASP.NET Core 6 Web API and React Sandbox,lesson,,f63fa756-c606-43ac-aa5c-3d9acc41487d,Building an End-to-end SPA using ASP.NET Core 6 Web API and React,1657129406298,0,1674607237368,1685590292277,"{
  ""codeLabId"": ""2628b804-ac66-4e40-9a73-23da5c43af61""
}",2708,140089,3,2711,skills.labs.v1.CodeLab,2023-06-01T04:10:01.846Z
b52a5057-f0fc-4ae8-a5c3-d2143d8c9a47,,Sandbox - What's New in React 18,challenge,,b91257d9-9404-4cfb-9251-730a9e5ac61d,What's New in React 18,1661897736389,0,1675796784928,1685590311568,"{
  ""codeLabId"": ""b52a5057-f0fc-4ae8-a5c3-d2143d8c9a47""
}",2708,169881,9,2711,skills.labs.v1.CodeLab,2023-06-01T04:10:01.846Z
33456b30-93d9-441f-955e-20ae3c23d2dc,,React Challenge 03 - Interact with an External API,challenge,,29f8f838-d5e9-44ce-b089-e53e88f085cd,ILX Test course,1646344836093,3,1646685400027,1685590298866,"{
  ""codeLabId"": ""33456b30-93d9-441f-955e-20ae3c23d2dc""
}",2708,146076,4,2711,skills.labs.v1.CodeLab,2023-06-01T04:10:01.846Z
feed4416-363f-4bd2-9b4c-4b90eea65a0f,,Using MongoDB with Node.js,challenge,,a5208433-b3e0-47e3-a288-aa194671cfd1,Code Labs - Projects Conversions,1615307208852,14,1641251807386,1685590233787,"{
  ""codeLabId"": ""feed4416-363f-4bd2-9b4c-4b90eea65a0f""
}",2708,143876,6,2711,skills.labs.v1.CodeLab,2023-06-01T04:10:01.846Z
7e0960c1-c6c3-4039-bba0-13af50cd0344,,Using React Hooks - Old,challenge,,10cb1030-b0e0-4925-b810-077f5e311f75,Using React Hooks,1614377038789,0,1651098555521,1685590241176,"{
  ""codeLabId"": ""7e0960c1-c6c3-4039-bba0-13af50cd0344""
}",2708,144321,8,2711,skills.labs.v1.CodeLab,2023-06-01T04:10:01.846Z
280a4f26-1e56-48ab-bae2-d837be0d052c,,Building Applications with React and Redux,challenge,,257af8a2-dc60-4c18-8e73-37ed50805581,Building Applications with React and Redux,1613773951587,0,1616693920920,1685590248122,"{
  ""codeLabId"": ""280a4f26-1e56-48ab-bae2-d837be0d052c""
}",2708,143927,6,2711,skills.labs.v1.CodeLab,2023-06-01T04:10:01.846Z
93417b3d-1f1e-4b05-8184-54bcac7c5f5b,,Designing React Components,challenge,,10cb1030-b0e0-4925-b810-077f5e311f75,Using React Hooks,1621368681328,0,1668477276672,1685590243680,"{
  ""codeLabId"": ""93417b3d-1f1e-4b05-8184-54bcac7c5f5b""
}",2708,139905,3,2711,skills.labs.v1.CodeLab,2023-06-01T04:10:01.846Z
3db67e22-1ef2-4253-9465-43b0b670dae1,,Node.js,challenge,,202120a4-bafa-4bdc-a1f5-8cad6a8ebda3,Code Labs - Templates,1615503036368,0,1620148794682,1685590246893,"{
  ""codeLabId"": ""3db67e22-1ef2-4253-9465-43b0b670dae1""
}",2708,139921,3,2711,skills.labs.v1.CodeLab,2023-06-01T04:10:01.846Z
3dea5d56-10e8-49d0-ba15-d116dd7a6b71,,React 18,lesson,,10cb1030-b0e0-4925-b810-077f5e311f75,Using React Hooks,1650384664788,1,1668471490862,1685590261549,"{
  ""codeLabId"": ""3dea5d56-10e8-49d0-ba15-d116dd7a6b71""
}",2708,143985,6,2711,skills.labs.v1.CodeLab,2023-06-01T04:10:01.846Z
49a4c46a-8d1e-4fe5-ba52-9e8d1b3fdf83,,Concept - Node.js,lesson,,202120a4-bafa-4bdc-a1f5-8cad6a8ebda3,Code Labs - Templates,1633119305133,0,1633119395245,1685590248432,"{
  ""codeLabId"": ""49a4c46a-8d1e-4fe5-ba52-9e8d1b3fdf83""
}",2708,145844,4,2711,skills.labs.v1.CodeLab,2023-06-01T04:10:01.846Z
3dc36245-ec3b-4079-8cf8-aab90181d25c,,Angular Reactive Forms,challenge,,a4cbe5dc-34a2-4531-99ef-8e4517390aad,Angular Reactive Forms,1615575661444,0,1650647759023,1685590247513,"{
  ""codeLabId"": ""3dc36245-ec3b-4079-8cf8-aab90181d25c""
}",2708,143924,6,2711,skills.labs.v1.CodeLab,2023-06-01T04:10:01.846Z
3f94e155-d66f-46bd-acff-e6f78c5b8755,,Example Node.js Challenge,challenge,,46eaf6ec-15d4-48b3-b771-a75e411ed5ef,Test Node.js Course,1597241612120,1,1649359133153,1685590246256,"{
  ""codeLabId"": ""3f94e155-d66f-46bd-acff-e6f78c5b8755""
}",2708,140242,0,2711,skills.labs.v1.CodeLab,2023-06-01T04:10:01.846Z
bd13e037-9251-4028-a6b7-83309c3f4bb9,," Designing React Components - Old",lesson,,10cb1030-b0e0-4925-b810-077f5e311f75,Using React Hooks,1615841387257,0,1615842943810,1685590243746,"{
  ""codeLabId"": ""bd13e037-9251-4028-a6b7-83309c3f4bb9""
}",2708,144336,8,2711,skills.labs.v1.CodeLab,2023-06-01T04:10:01.846Z
95456fe4-c8f0-4e55-b689-1391a04b6e91,,Managing React State,challenge,,026e4644-74e3-4689-8264-5fe50050a538,Managing React State,1613774086354,0,1654204526284,1685590248426,"{
  ""codeLabId"": ""95456fe4-c8f0-4e55-b689-1391a04b6e91""
}",2708,145843,4,2711,skills.labs.v1.CodeLab,2023-06-01T04:10:01.846Z
f1d24110-fbc2-4155-9f7c-fbd9522bebef,,React State: Creating a Matching Game,project,,a5208433-b3e0-47e3-a288-aa194671cfd1,Code Labs - Projects Conversions,1636564540676,47,1641251203199,1685590257135,"{
  ""codeLabId"": ""f1d24110-fbc2-4155-9f7c-fbd9522bebef""
}",2708,140281,0,2711,skills.labs.v1.CodeLab,2023-06-01T04:10:01.846Z
b92d0110-8def-46ec-93a1-4821f8cc375c,,Capstone - Node.js,lesson,,202120a4-bafa-4bdc-a1f5-8cad6a8ebda3,Code Labs - Templates,1633119311711,0,1633119412049,1685590248675,"{
  ""codeLabId"": ""b92d0110-8def-46ec-93a1-4821f8cc375c""
}",2708,144359,8,2711,skills.labs.v1.CodeLab,2023-06-01T04:10:01.846Z
583b619b-d1ad-4f90-9c42-8fba2d4bb21d,,Node.js Audition,challenge,,aa7a492f-05ed-469c-a32b-1b421bd41656,George Examples,1639590981722,5,1652141009597,1685590263417,"{
  ""codeLabId"": ""583b619b-d1ad-4f90-9c42-8fba2d4bb21d""
}",2708,140314,0,2711,skills.labs.v1.CodeLab,2023-06-01T04:10:01.846Z
f72d98d6-009b-4381-803e-a1bdcf963005,,RESTful Web Services with Node.js and Express,challenge,,3b3fabf2-2863-4d91-bdfc-5ece4245783a,RestAPIsWithNode,1616007557512,0,1616691909975,1685590240648,"{
  ""codeLabId"": ""f72d98d6-009b-4381-803e-a1bdcf963005""
}",2708,160807,2,2711,skills.labs.v1.CodeLab,2023-06-01T04:10:01.846Z
dc73a87a-5fc8-4573-b414-f3100e2cfd5a,,Building Applications with React and Flux,challenge,,889ab998-a5d3-48c6-afc5-8a243fd840a9,Building Applications with React and Flux,1613773995188,0,1616693965427,1685590248352,"{
  ""codeLabId"": ""dc73a87a-5fc8-4573-b414-f3100e2cfd5a""
}",2708,143928,6,2711,skills.labs.v1.CodeLab,2023-06-01T04:10:01.846Z
87fae1b2-d704-4ed6-8106-e16a5cf18f1b,,Node.js: The Big Picture,challenge,,aea390bb-e6c9-4bb8-8365-da18f982873a,Sandboxes - Contingency,1616170513719,0,1616693032297,1685590239937,"{
  ""codeLabId"": ""87fae1b2-d704-4ed6-8106-e16a5cf18f1b""
}",2708,160794,2,2711,skills.labs.v1.CodeLab,2023-06-01T04:10:01.846Z
f4d5c1fa-a90c-428d-95cf-69e98b58a8d1,,Building Web Applications with Node.js and Express 4.0 (UPDATE),challenge,,11e55db5-29f4-401f-9588-0b28134b2046,WebAppsWithNode,1616007489551,0,1617210356777,1685590240317,"{
  ""codeLabId"": ""f4d5c1fa-a90c-428d-95cf-69e98b58a8d1""
}",2708,160801,2,2711,skills.labs.v1.CodeLab,2023-06-01T04:10:01.846Z
19ecb61f-4df9-43e1-be86-427b04bcd80b,,Using React Hooks,challenge,,10cb1030-b0e0-4925-b810-077f5e311f75,Using React Hooks,1614382142988,0,1672181162613,1685590249973,"{
  ""codeLabId"": ""19ecb61f-4df9-43e1-be86-427b04bcd80b""
}",2708,160853,2,2711,skills.labs.v1.CodeLab,2023-06-01T04:10:01.846Z
adb715e0-8e6a-4c77-8fca-6dfa412368de,,Build a Quiz Component with React,challenge,,a5208433-b3e0-47e3-a288-aa194671cfd1,Code Labs - Projects Conversions,1617661123767,52,1668020542182,1685590308556,"{
  ""codeLabId"": ""adb715e0-8e6a-4c77-8fca-6dfa412368de""
}",2708,149618,5,2711,skills.labs.v1.CodeLab,2023-06-01T04:10:01.846Z
bebb1071-f2ae-448e-9851-920063685988,,Implementing OAuth with Node.js,challenge,,a5208433-b3e0-47e3-a288-aa194671cfd1,Code Labs - Projects Conversions,1615307353693,28,1641251200202,1685590245566,"{
  ""codeLabId"": ""bebb1071-f2ae-448e-9851-920063685988""
}",2708,160828,2,2711,skills.labs.v1.CodeLab,2023-06-01T04:10:01.846Z
7068f8f6-25d2-4187-925b-1af45d93fd47,,RxJS in Angular: Reactive Development,challenge,,0df08cf7-19c0-4305-b62f-dce06570324f,RxJS in Angular: Reactive Development,1615575665154,0,1616693799964,1685590247820,"{
  ""codeLabId"": ""7068f8f6-25d2-4187-925b-1af45d93fd47""
}",2708,160845,2,2711,skills.labs.v1.CodeLab,2023-06-01T04:10:01.846Z
e0b56fda-76db-4f7c-949c-ceb51fa41a5b,,Sandbox - Reactive Streams Using Spring WebFlux 5,lesson,,56dc8ba4-44cb-4aaa-bec6-d560e029c38c,Experiments,1650576723428,0,1655135830742,1685590275014,"{
  ""codeLabId"": ""e0b56fda-76db-4f7c-949c-ceb51fa41a5b""
}",2708,145112,1,2711,skills.labs.v1.CodeLab,2023-06-01T04:10:01.846Z
b1ac7181-a17b-439e-827d-f4f86c4df31f,,Web API-React test,lesson,,850739ab-c621-4e80-bc1c-6ed5f6835e98,What's New in C# 10,1652194177519,0,1652249590749,1685590277923,"{
  ""codeLabId"": ""b1ac7181-a17b-439e-827d-f4f86c4df31f""
}",2708,140369,0,2711,skills.labs.v1.CodeLab,2023-06-01T04:10:01.846Z
bf8f10f6-044d-40a6-b8f1-2e4682fce256,,Node.js: The Big Picture,challenge,,54002e5d-9e6b-41e0-af27-f815d7b66d4f,Node.js: The Big Picture,1614546670539,0,1649359358865,1685590243427,"{
  ""codeLabId"": ""bf8f10f6-044d-40a6-b8f1-2e4682fce256""
}",2708,139904,3,2711,skills.labs.v1.CodeLab,2023-06-01T04:10:01.846Z
956a7975-96a4-4ef0-9dc5-e60b5d65c2af,,React: The Big Picture,challenge,,6394b37a-c809-49c2-95e0-2482a2759aa2,React: The Big Picture,1613760947703,0,1616693813950,1685590248049,"{
  ""codeLabId"": ""956a7975-96a4-4ef0-9dc5-e60b5d65c2af""
}",2708,144356,8,2711,skills.labs.v1.CodeLab,2023-06-01T04:10:01.846Z
1bfc1051-56b0-46c6-91af-bd6402c2820d,,React - Sandbox,lesson,,6728e889-31c7-4e8d-867e-d810244f6fe9,Platinum Language Examples,1644526878535,0,1673455043287,1685590274418,"{
  ""codeLabId"": ""1bfc1051-56b0-46c6-91af-bd6402c2820d""
}",2708,160954,2,2711,skills.labs.v1.CodeLab,2023-06-01T04:10:01.846Z
811d6d3f-0c12-4608-9573-5d1962825692,,Node.js: Getting Started,challenge,,689e81ac-25ab-4e04-867c-5729f9f5dba1,Samer Buna,1613505553253,0,1657301887821,1685590242728,"{
  ""codeLabId"": ""811d6d3f-0c12-4608-9573-5d1962825692""
}",2708,149325,5,2711,skills.labs.v1.CodeLab,2023-06-01T04:10:01.846Z
68890a5a-f4d2-42b1-8b0b-55f64846b74e,,Advanced Node.js,challenge,,689e81ac-25ab-4e04-867c-5729f9f5dba1,Samer Buna,1613506493837,0,1616693182786,1685590240320,"{
  ""codeLabId"": ""68890a5a-f4d2-42b1-8b0b-55f64846b74e""
}",2708,144978,1,2711,skills.labs.v1.CodeLab,2023-06-01T04:10:01.846Z
010a2c88-1a54-48f9-b75e-973d3a5f34ed,,Automating Node.js with NPM Scripts,challenge,,a5208433-b3e0-47e3-a288-aa194671cfd1,Code Labs - Projects Conversions,1615307315234,8,1641251193526,1685590245258,"{
  ""codeLabId"": ""010a2c88-1a54-48f9-b75e-973d3a5f34ed""
}",2708,144999,1,2711,skills.labs.v1.CodeLab,2023-06-01T04:10:01.846Z
421a7c51-7931-4927-a574-b29a618bbc44,,Node.js,challenge,,5f0965b5-7c11-4e56-8f37-7500a7a76ec7,Jaecee Examples,1645029369474,0,1649253363738,1685590268943,"{
  ""codeLabId"": ""421a7c51-7931-4927-a574-b29a618bbc44""
}",2708,145088,1,2711,skills.labs.v1.CodeLab,2023-06-01T04:10:01.846Z
3c660581-e51a-4b5f-8f53-b3bfa5e8516c,,React 18,lesson,,56dc8ba4-44cb-4aaa-bec6-d560e029c38c,Experiments,1650382735895,1,1650384317533,1685590260272,"{
  ""codeLabId"": ""3c660581-e51a-4b5f-8f53-b3bfa5e8516c""
}",2708,140298,0,2711,skills.labs.v1.CodeLab,2023-06-01T04:10:01.846Z
3f119738-4cdc-4391-b070-3463abfad2b3,,MF - Web API-React test,lesson,,850739ab-c621-4e80-bc1c-6ed5f6835e98,What's New in C# 10,1652196357564,0,1652204124039,1685590278585,"{
  ""codeLabId"": ""3f119738-4cdc-4391-b070-3463abfad2b3""
}",2708,145626,7,2711,skills.labs.v1.CodeLab,2023-06-01T04:10:01.846Z
b9d04dcd-0f10-470b-9989-fdb5149479cd,,React Fundamentals,challenge,,9f0eaab3-cfb9-46a8-b6cb-76cdda062b80,React Fundamentals,1612322361895,0,1671117141409,1685590242421,"{
  ""codeLabId"": ""b9d04dcd-0f10-470b-9989-fdb5149479cd""
}",2708,169555,9,2711,skills.labs.v1.CodeLab,2023-06-01T04:10:01.846Z
d520ebb6-33e1-4d55-8ecb-e66815fdf813,,React: Getting Started,challenge,,aea390bb-e6c9-4bb8-8365-da18f982873a,Sandboxes - Contingency,1616184367484,0,1648420165645,1685590237840,"{
  ""codeLabId"": ""d520ebb6-33e1-4d55-8ecb-e66815fdf813""
}",2708,169535,9,2711,skills.labs.v1.CodeLab,2023-06-01T04:10:01.846Z
cea83275-8746-4e41-8cf4-c8d6f59ad915,,Copy of Web API-React test,lesson,,850739ab-c621-4e80-bc1c-6ed5f6835e98,What's New in C# 10,1652196232464,0,1652205490096,1685590278282,"{
  ""codeLabId"": ""cea83275-8746-4e41-8cf4-c8d6f59ad915""
}",2708,169727,9,2711,skills.labs.v1.CodeLab,2023-06-01T04:10:01.846Z
f416f37b-62ee-42fa-ac52-03f9dc6e5d8e,,Core - Node.js,lesson,,202120a4-bafa-4bdc-a1f5-8cad6a8ebda3,Code Labs - Templates,1633119308810,0,1633119402856,1685590248353,"{
  ""codeLabId"": ""f416f37b-62ee-42fa-ac52-03f9dc6e5d8e""
}",2708,169580,9,2711,skills.labs.v1.CodeLab,2023-06-01T04:10:01.846Z
bd2e59b3-5246-476f-a6be-8a668f0ab84e,,Testing React Applications with Jest,challenge,,aea390bb-e6c9-4bb8-8365-da18f982873a,Sandboxes - Contingency,1616188798626,0,1616693003703,1685590239937,"{
  ""codeLabId"": ""bd2e59b3-5246-476f-a6be-8a668f0ab84e""
}",2708,169541,9,2711,skills.labs.v1.CodeLab,2023-06-01T04:10:01.846Z
aa491ea7-11fd-4e04-956f-cd73d255ae78,,React Challenge 01 - Functional Component,challenge,,29f8f838-d5e9-44ce-b089-e53e88f085cd,ILX Test course,1646344830565,3,1646596649983,1685590297896,"{
  ""codeLabId"": ""aa491ea7-11fd-4e04-956f-cd73d255ae78""
}",2708,145706,7,2711,skills.labs.v1.CodeLab,2023-06-01T04:10:01.846Z
a6cad306-382c-4acc-a70b-20a49a56cf48,,Sandbox - Reactive Streams using Spring WebFlux 5,lesson,,9f1d7047-bb7d-421a-809a-275a27c2e170,Reactive Streams using Spring WebFlux 5,1650643732959,0,1677877036086,1685590272006,"{
  ""codeLabId"": ""a6cad306-382c-4acc-a70b-20a49a56cf48""
}",2708,169697,9,2711,skills.labs.v1.CodeLab,2023-06-01T04:10:01.846Z
2a12a85f-c438-46ab-92a4-656fbdbd9dfb,,react test,lesson,,56dc8ba4-44cb-4aaa-bec6-d560e029c38c,Experiments,1660699754701,0,1660699755187,1685590305576,"{
  ""codeLabId"": ""2a12a85f-c438-46ab-92a4-656fbdbd9dfb""
}",2708,140152,3,2711,skills.labs.v1.CodeLab,2023-06-01T04:10:01.846Z
